<application>
  <component name="GeneralSettings">
    <option name="processCloseConfirmation" value="TERMINATE" />
  </component>
  <component name="Registry">
    <entry key="ide.balloon.shadow.size" value="0" />
    <entry key="ide.tree.ui.experimental" value="false" />
    <entry key="async.project.view.collapse.tree.path.recursively" value="false" />
    <entry key="ide.tree.collapse.recursively" value="false" />
    <entry key="ide.mac.allowDarkWindowDecorations" value="true" />
  </component>
</application>